<?xml version="1.0" encoding="windows-1252"?>
<Collection name="Image Slider 2" guid="{7B96C99D-E455-41B9-AA5D-6396F7B41EE2}" system="No" updatable="Yes">
	<Help></Help>
	<Addon name="Image Slider 2" guid="{CA16ABD1-9D4E-4C2B-B96B-5B0BBF77B66B}" type="Add-on">
		<Copy></Copy>
		<CopyText></CopyText>
		<ActiveXProgramID></ActiveXProgramID>
		<DotNetClass></DotNetClass>
		<ArgumentList></ArgumentList>
		<AsAjax>No</AsAjax>
		<Filter>No</Filter>
		<Help><![CDATA[<p>With this image slider, there are no more folders, images display with the instance of the slider. When the add-on is dropped on a page, the add-on will display all images uploaded to it from that page.</p><p>To add Images, check Edit in the Contensive Tool Bar. An Add Icon to Add an Image Slider image will appear below the slider. Once images have been uploaded, an edit link will appear next to the caption of each image. This will allow admins to edit each image on the slider.<br></p>]]></Help>
		<HelpLink></HelpLink>
		<Icon Link="" width="0" height="0" sprites="0" />
		<InIframe>No</InIframe>
		<BlockEditTools>No</BlockEditTools>
		<FormXML></FormXML>
		<IncludeAddon name="JQuery" guid="{9C882078-0DAC-48E3-AD4B-CF2AA230DF80}"/>
		<IsInline>No</IsInline>
		<JavascriptOnLoad></JavascriptOnLoad>
		<JavascriptInHead><![CDATA[window.onerror=function(desc,page,line,chr){
/* alert('JavaScript error occurred! \n'
  +'\nError description: \t'+desc
  +'\nPage address:      \t'+page
  +'\nLine number:       \t'+line
 );*/
}

$(function(){
 $('a').focus(function(){this.blur();});
 SI.Files.stylizeAll();
 slider.init();

 $('input.text-default').each(function(){
  $(this).attr('default',$(this).val());
 }).focus(function(){
  if($(this).val()==$(this).attr('default'))
   $(this).val('');
 }).blur(function(){
  if($(this).val()=='')
   $(this).val($(this).attr('default'));
 });

 $('input.text,textarea.text').focus(function(){
  $(this).addClass('textfocus');
 }).blur(function(){
  $(this).removeClass('textfocus');
 });

 var popopenobj=0,popopenaobj=null;
 $('a.popup').click(function(){
  var pid=$(this).attr('rel').split('|')[0],_os=parseInt($(this).attr('rel').split('|')[1]);
  var pobj=$('#'+pid);
  if(!pobj.length)
   return false;
  if(typeof popopenobj=='object' && popopenobj.attr('id')!=pid){
   popopenobj.hide(50);
   $(popopenaobj).parent().removeClass(popopenobj.attr('id').split('-')[1]+'-open');
   popopenobj=null;
  }
  return false;
 });
 $('p.images img').click(function(){
  var newbg=$(this).attr('src').split('bg/bg')[1].split('-thumb')[0];
  $(document.body).css('backgroundImage','url('+_siteRoot+'images/bg/bg'+newbg+'.jpg)');
 
  $(this).parent().find('img').removeClass('on');
  $(this).addClass('on');
  return false;
 });
 $(window).load(function(){
  $.each(css_ims,function(){(new Image()).src=_siteRoot+'css/images/'+this;});
  $.each(css_cims,function(){
   var css_im=this;
   $.each(['blue','purple','pink','red','grey','green','yellow','orange'],function(){
    (new Image()).src=_siteRoot+'css/'+this+'/'+css_im;
   });
  });
 }); 
 $('div.sc-large div.img:has(div.tml)').each(function(){
  $('div.tml',this).hide();
  $(this).append('<a href="#" class="tml_open">&nbsp;</a>').find('a').css({
   left:parseInt($(this).offset().left)+650,top:parseInt($(this).offset().top)+1
  }).click(function(){
   $(this).siblings('div.tml').slideToggle();
   return false;
  }).focus(function(){this.blur();}); 
 });
});
var slider={
 num:-1,
 cur:0,
 cr:[],
 al:null,
 at:10*1000,
 ar:true,
 init:function(){
  if(!slider.data || !slider.data.length)
   return false;

  var d=slider.data;
  slider.num=d.length;
  var pos=Math.floor(Math.random()*1);//slider.num);
  for(var i=0;i<slider.num;i++){
   $('#'+d[i].id).css({left:((i-pos)*1000)});
   $('#slide-nav').append('<a id="slide-link-'+i+'" href="#" onclick="slider.slide('+i+');return false;" onfocus="this.blur();"> </a>');
  }

  $('img,div#slide-controls',$('div#slide-holder')).fadeIn();
  slider.text(d[pos]);
  slider.on(pos);
  slider.cur=pos;
  window.setTimeout('slider.auto();',slider.at);
 },
 auto:function(){
  if(!slider.ar)
   return false;

  var next=slider.cur+1;
  if(next>=slider.num) next=0;
  slider.slide(next);
 },
 slide:function(pos){
  if(pos<0 || pos>=slider.num || pos==slider.cur)
   return;

  window.clearTimeout(slider.al);
  slider.al=window.setTimeout('slider.auto();',slider.at);

  var d=slider.data;
  for(var i=0;i<slider.num;i++)
   $('#'+d[i].id).stop().animate({left:((i-pos)*1000)},1000,'swing');
  
  slider.on(pos);
  slider.text(d[pos]);
  slider.cur=pos;
 },
 on:function(pos){
  $('#slide-nav a').removeClass('on');
  $('#slide-nav a#slide-link-'+pos).addClass('on');
 },
 text:function(di){
  slider.cr['a']=di.client;
  slider.cr['b']=di.desc;
  $('#slide-client').html(di.client);
  slider.ticker('#slide-desc',di.desc,0,'b');
 },
 ticker:function(el,text,pos,unique){
  if(slider.cr[unique]!=text)
   return false;

  ctext=text.substring(0,pos)+(pos%2?'-':'_');
  $(el).html(ctext);

  if(pos==text.length)
   $(el).html(text);
  else
   window.setTimeout('slider.ticker("'+el+'","'+text+'",'+(pos+1)+',"'+unique+'");',30);
 }
};
// STYLING FILE INPUTS 1.0 | Shaun Inman <http://www.shauninman.com/> | 2007-09-07
if(!window.SI){var SI={};};
SI.Files={
 htmlClass:'SI-FILES-STYLIZED',
 fileClass:'file',
 wrapClass:'cabinet',
 
 fini:false,
 able:false,
 init:function(){
  this.fini=true;
 },
 stylize:function(elem){
  if(!this.fini){this.init();};
  if(!this.able){return;};
  
  elem.parentNode.file=elem;
  elem.parentNode.onmousemove=function(e){
   if(typeof e=='undefined') e=window.event;
   if(typeof e.pageY=='undefined' &&  typeof e.clientX=='number' && document.documentElement){
    e.pageX=e.clientX+document.documentElement.scrollLeft;
    e.pageY=e.clientY+document.documentElement.scrollTop;
   };
   var ox=oy=0;
   var elem=this;
   if(elem.offsetParent){
    ox=elem.offsetLeft;
    oy=elem.offsetTop;
    while(elem=elem.offsetParent){
     ox+=elem.offsetLeft;
     oy+=elem.offsetTop;
    };
   };
  };
 },
 stylizeAll:function(){
  if(!this.fini){this.init();};
  if(!this.able){return;};
 }
};]]></JavascriptInHead>
		<JavascriptBodyEnd></JavascriptBodyEnd>
		<MetaDescription></MetaDescription>
		<OtherHeadTags></OtherHeadTags>
		<Content>Yes</Content>
		<Template>Yes</Template>
		<Admin>No</Admin>
		<OnPageEndEvent>No</OnPageEndEvent>
		<OnPageStartEvent>No</OnPageStartEvent>
		<OnBodyStart>No</OnBodyStart>
		<OnBodyEnd>No</OnBodyEnd>
		<RemoteMethod>No</RemoteMethod>
		<ProcessRunOnce>No</ProcessRunOnce>
		<ProcessInterval>0</ProcessInterval>
		<PageTitle></PageTitle>
		<RemoteAssetLink></RemoteAssetLink>
		<Styles><![CDATA[.ccBubbleCon{
	z-index:999;
}
#controlLeft{
				float:left;
}
#controlRight{
				padding:45px 0px 0px 0px;
				float:right;
}
div.wrap{
				width:675px;
				margin:0 auto;
				text-align:left;
}
div#top div#nav{
				float:left;
				clear:both;
				width:675px;
				height:80px;
				margin:550px 0 0;
				background:url url(/images/nav-ctrl.png) 0 0 no-repeat;
}
div#top div#nav ul{
				float:left;
				width:675px;
				height:80px;
				list-style-type:none;
}
div#nav ul li{
				float:left;
				height:80px;
}
div#nav ul li a{
				border:0;
				height:80px;
				display:block;
				line-height:80px;
				text-indent:-9999px;
}
div#header{
				margin:-1px 0 0;
}
div#video-header{
				height:675px;
				margin:-1px 0 0;
}
div#header div.wrap{
				height:300px;
}
div#header div#slide-holder{
				z-index:40;
				width:675px;
				height:300px;
				position:absolute;
}
div#header div#slide-holder div#slide-runner{
				top:1px;
				width:675px;
				height:300px;
				overflow:hidden;
				position:absolute;
				z-index:-1;
}
div#header div#slide-holder img{
				margin:0;
				//display:none;
				position:absolute;
}
div#header div#slide-holder div#slide-controls{
				left:0;
				margin-top:220px;
				width:675px;
				height:80px;
				display:none;
				position:absolute;
				background:url(/images/nav-ctrl.png) 0 0;
				background-repeat:no-repeat;
}
div#header div#slide-holder div#slide-controls p.slideHeadline{
				color:#92CCFC;
				font-size:24px;
				font-weight:bold;
				margin:15px 0 0 15px;
				text-transform:uppercase;
				overflow: hidden;
				width: 1000px;
}
div#header div#slide-holder div#slide-controls p.slideCaption{
				color:#FFFFFF;
				font-size:12px;
				font-weight:bold;
				margin:5px 0 0 15px;
}
div#header div#slide-holder div#slide-controls p#slide-nav{
				float:right;
				height:12px;
				margin:11px 12px 0 0;
}
div#header div#slide-holder div#slide-controls p#slide-nav a{
				float:left;
				width:12px;
				height:12px;
				display:inline;
				font-size:12px;
				margin:0 5px 0 0;
				font-weight:bold;
				text-align:center;
				text-decoration:none;
				background-position:0 0;
				background-repeat:no-repeat;
}
div#header div#slide-holder div#slide-controls p#slide-nav a.on{
				background-position:0 -24px;
}
div#header div#slide-holder div#slide-controls p#slide-nav a{
				background-image:url(/images/silde-nav2.png);
}
div#nav ul li a{
				background:url(/images/nav.png) no-repeat;
}]]></Styles>
		<Scripting Language="VBScript" EntryPoint="getContent" Timeout="5000">
		<Code><![CDATA[function getContent()

	Dim stream
	Dim instance
	Dim cs
	Dim strScript
	Dim cntr
	Dim strCtrl
	dim caption
	dim description
	dim contentName
	dim recordID
	dim contentID
	dim instructions

	contentName = "Image Slider Images"
	instance=cp.utils.encodeText(cp.doc.Var("instanceid"))
	'instance = cp.utils.encodeInteger(cp.doc.pageID)
	contentID = cp.Content.GetID(contentName)

	if instance = "" then
		instance = "memberid-" & cp.user.id
	end if

	cntr = 0

	set cs = cp.CSNew

	if cs.Open(contentName, "imagesliderInstanceID=" & cp.db.encodeSQLText(instance)) then
		
		strScript = "if(!window.slider) var slider={};slider.data=[" & vbCrLf

                Do While cs.OK()

			recordID = cs.GetInteger("ID")
			caption = cs.GetText("caption")
			description = cs.GetText("description")

			caption = encodeJS(cs.GetEditLink()) & caption

                    	stream = stream & "<a border=""0"" href=""" & cs.GetText("link") & """><img border=""0"" id=""slide-img-" & cntr & """ src=""" & CP.Site.FilePath & cs.GetText("imageFilename") & """ class=""slide"" /></a>"
                    	strScript = strScript & "{""id"":""slide-img-" & cntr & """,""client"":""" & caption & """,""desc"":""" & description & """}"
                    	call cs.GoNext()
                    	
			If cs.OK() Then
                        	strScript = strScript & "," & vbCrLf
                    	End If
                    cntr = cntr + 1
                Loop

                strScript = strScript & vbCrLf & "];" & vbCrLf

                CP.Doc.AddBodyEnd("<script language=""JavaScript"" type=""text/javascript"">" & strScript & "</script>")

                strCtrl = CP.Html.p("", , "slideHeadline", "slide-client")
                strCtrl = strCtrl & CP.Html.p("", , "slideCaption", "slide-desc")
                strCtrl = CP.Html.div(strCtrl, , , "controlLeft")
                strCtrl = strCtrl & CP.Html.div(CP.Html.p("", , "", "slide-nav"), , , "controlRight")
                strCtrl = CP.Html.div(strCtrl, , , "slide-controls")

                stream = CP.Html.div(stream & strCtrl, , , "slide-runner")
                stream = CP.Html.div(stream, , , "slide-holder")
                stream = CP.Html.div(stream, , "wrap")
                stream = CP.Html.div(stream, , , "header")
	End If
	call cs.Close()
	'
	' admin instructions
	'
	if cp.User.IsEditing(contentName) then
		instructions = "" _
			& "<p>To add images to the Image Slider, click the add link below.</p>" _
			& "<div>" & cp.content.GetAddLink(contentName, "imagesliderInstanceID=" & instance, False, true) & "</div>"
		stream = stream & ccLib.getAdminHintWrapper( instructions )
	end if
	getContent = stream
	'getContent = stream & "<div>[" & instance & "]</div>"

end function

function encodeJS(content)
    
    Dim stream
    Dim callBack
    
    stream = content
    
    stream = Replace(stream, """", "\""")
    stream = Replace(stream, vbCrLf, "\n")
    stream = Replace(stream, vbCr, "\n")
    stream = Replace(stream, vbLf, "\n")
    
    encodeJS = stream
    
    Exit Function
ErrorTrap:
    Call HandleError("SearchClass", "toJSON", Err.Number, Err.Source, Err.Description, True, False)
    End Function]]></Code>
		</Scripting>
	</Addon>
	<CDef Name="Image Slider Images" Active="1" AdminOnly="0" AllowAdd="1" AllowCalendarEvents="0" AllowContentChildTool="0" AllowContentTracking="0" AllowDelete="1" AllowMetaContent="0" AllowTopicRules="0" AllowWorkflowAuthoring="0" AuthoringDataSourceName="Default" AuthoringTableName="imageSliderImages" ContentDataSourceName="Default" ContentTableName="imageSliderImages" DefaultSortMethod="By Name" DeveloperOnly="0" DropDownFieldList="Name" EditorGroupName="Content Editors" Parent="" isbasecontent="0" guid="{3FBDC54A-AE16-4F6D-A70B-450F9B4AEAF4}" >
		<Field Name="Name" active="True" AdminOnly="False" Authorable="True" Caption="Name" DeveloperOnly="False" EditSortPriority="110" FieldType="Text" HTMLContent="False" IndexColumn="0" IndexSortDirection="" IndexSortOrder="0" IndexWidth="0" RedirectID="0" RedirectPath="" Required="False" TextBuffered="False" UniqueName="False" DefaultValue="" RSSTitle="False" RSSDescription="False" MemberSelectGroupID="0" EditTab="" Scramble="False" LookupList="" NotEditable="False" Password="False" ReadOnly="False" ManyToManyRulePrimaryField="" ManyToManyRuleSecondaryField="" IsModified="False" IsBaseField="False" LookupContent="" RedirectContent="" ManyToManyContent="" ManyToManyRuleContent="" >
			<HelpCustom>(optional) Enter a name for this image. The name is only used in the admin site.</HelpCustom>
		</Field>
		<Field Name="Active" active="True" AdminOnly="False" Authorable="True" Caption="Active" DeveloperOnly="False" EditSortPriority="200" FieldType="Boolean" HTMLContent="False" IndexColumn="0" IndexSortDirection="" IndexSortOrder="0" IndexWidth="0" RedirectID="0" RedirectPath="" Required="False" TextBuffered="False" UniqueName="False" DefaultValue="1" RSSTitle="False" RSSDescription="False" MemberSelectGroupID="0" EditTab="" Scramble="False" LookupList="" NotEditable="False" Password="False" ReadOnly="False" ManyToManyRulePrimaryField="" ManyToManyRuleSecondaryField="" IsModified="False" IsBaseField="False" LookupContent="" RedirectContent="" ManyToManyContent="" ManyToManyRuleContent="" >
			<HelpCustom>Set active to allow this image to display in the image slider.</HelpCustom>
		</Field>
		<Field Name="SortOrder" active="True" AdminOnly="False" Authorable="False" Caption="Alpha Sort Order" DeveloperOnly="False" EditSortPriority="2000" FieldType="Text" HTMLContent="False" IndexColumn="0" IndexSortDirection="" IndexSortOrder="0" IndexWidth="0" RedirectID="0" RedirectPath="" Required="False" TextBuffered="False" UniqueName="False" DefaultValue="" RSSTitle="False" RSSDescription="False" MemberSelectGroupID="0" EditTab="" Scramble="False" LookupList="" NotEditable="False" Password="False" ReadOnly="False" ManyToManyRulePrimaryField="" ManyToManyRuleSecondaryField="" IsModified="False" IsBaseField="False" LookupContent="" RedirectContent="" ManyToManyContent="" ManyToManyRuleContent="" ></Field>
		<Field Name="ccGuid" active="True" AdminOnly="False" Authorable="False" Caption="Guid" DeveloperOnly="False" EditSortPriority="9999" FieldType="Text" HTMLContent="False" IndexColumn="0" IndexSortDirection="" IndexSortOrder="0" IndexWidth="0" RedirectID="0" RedirectPath="" Required="False" TextBuffered="False" UniqueName="False" DefaultValue="" RSSTitle="False" RSSDescription="False" MemberSelectGroupID="0" EditTab="" Scramble="False" LookupList="" NotEditable="False" Password="False" ReadOnly="False" ManyToManyRulePrimaryField="" ManyToManyRuleSecondaryField="" IsModified="False" IsBaseField="False" LookupContent="" RedirectContent="" ManyToManyContent="" ManyToManyRuleContent="" ></Field>
		<Field Name="imageFileName" active="True" AdminOnly="False" Authorable="True" Caption="Image" DeveloperOnly="False" EditSortPriority="300" FieldType="Image" HTMLContent="False" IndexColumn="0" IndexSortDirection="" IndexSortOrder="0" IndexWidth="" RedirectID="" RedirectPath="" Required="False" TextBuffered="False" UniqueName="False" DefaultValue="" RSSTitle="False" RSSDescription="False" MemberSelectGroupID="0" EditTab="" Scramble="False" LookupList="" NotEditable="False" Password="False" ReadOnly="False" ManyToManyRulePrimaryField="" ManyToManyRuleSecondaryField="" IsModified="False" IsBaseField="False" LookupContent="" RedirectContent="" ManyToManyContent="" ManyToManyRuleContent="" >
			<HelpCustom>Upload an image to be included in the image slider. The size of the image should match the size determined by the styles for the image slider. The default size is 675px wide by 300px tall.</HelpCustom>
		</Field>
		<Field Name="caption" active="True" AdminOnly="False" Authorable="True" Caption="Caption" DeveloperOnly="False" EditSortPriority="310" FieldType="Text" HTMLContent="False" IndexColumn="0" IndexSortDirection="" IndexSortOrder="0" IndexWidth="" RedirectID="" RedirectPath="" Required="False" TextBuffered="False" UniqueName="False" DefaultValue="" RSSTitle="False" RSSDescription="False" MemberSelectGroupID="0" EditTab="" Scramble="False" LookupList="" NotEditable="False" Password="False" ReadOnly="False" ManyToManyRulePrimaryField="" ManyToManyRuleSecondaryField="" IsModified="False" IsBaseField="False" LookupContent="" RedirectContent="" ManyToManyContent="" ManyToManyRuleContent="" >
			<HelpCustom>(optional) This caption is displayed over the image in large type</HelpCustom>
		</Field>
		<Field Name="description" active="True" AdminOnly="False" Authorable="True" Caption="Description" DeveloperOnly="False" EditSortPriority="320" FieldType="LongText" HTMLContent="False" IndexColumn="0" IndexSortDirection="" IndexSortOrder="0" IndexWidth="" RedirectID="" RedirectPath="" Required="False" TextBuffered="False" UniqueName="False" DefaultValue="" RSSTitle="False" RSSDescription="False" MemberSelectGroupID="0" EditTab="" Scramble="False" LookupList="" NotEditable="False" Password="False" ReadOnly="False" ManyToManyRulePrimaryField="" ManyToManyRuleSecondaryField="" IsModified="True" IsBaseField="False" LookupContent="" RedirectContent="" ManyToManyContent="" ManyToManyRuleContent="" >
			<HelpCustom>(optional) The description is added accross the bottom of the image below the Caption.</HelpCustom>
		</Field>
		<Field Name="link" active="True" AdminOnly="False" Authorable="True" Caption="Link" DeveloperOnly="False" EditSortPriority="330" FieldType="Link" HTMLContent="False" IndexColumn="0" IndexSortDirection="" IndexSortOrder="0" IndexWidth="" RedirectID="" RedirectPath="" Required="False" TextBuffered="False" UniqueName="False" DefaultValue="" RSSTitle="False" RSSDescription="False" MemberSelectGroupID="0" EditTab="" Scramble="False" LookupList="" NotEditable="False" Password="False" ReadOnly="False" ManyToManyRulePrimaryField="" ManyToManyRuleSecondaryField="" IsModified="False" IsBaseField="False" LookupContent="" RedirectContent="" ManyToManyContent="" ManyToManyRuleContent="" >
			<HelpCustom>(optional) When set, the image will be linked to this URL</HelpCustom>
		</Field>
		<Field Name="imageSliderInstanceID" active="True" AdminOnly="False" Authorable="True" Caption="Image Slider Instance ID" DeveloperOnly="False" EditSortPriority="9999" FieldType="Text" HTMLContent="False" IndexColumn="0" IndexSortDirection="" IndexSortOrder="0" IndexWidth="" RedirectID="" RedirectPath="" Required="False" TextBuffered="False" UniqueName="False" DefaultValue="" RSSTitle="False" RSSDescription="False" MemberSelectGroupID="0" EditTab="" Scramble="False" LookupList="" NotEditable="True" Password="False" ReadOnly="False" ManyToManyRulePrimaryField="" ManyToManyRuleSecondaryField="" IsModified="True" IsBaseField="False" LookupContent="" RedirectContent="" ManyToManyContent="" ManyToManyRuleContent="" >
			<HelpCustom>The string must match the &quot;instance&quot; string of the image locator. The easiest way to set up an image is to add it from the add link on the image locator, when this value is prepopulated. </HelpCustom>
		</Field>
	</CDef>
	<ImportCollection name="JQuery">{A435BF70-041B-43D1-8A8D-5D9D59A7FCD0}</ImportCollection>
</Collection>